user_id,full_name,email,signup_date,city
1,Raymond Richardson,floresphillip@yahoo.com,2024-08-03,Mashhad
2,Lisa Lawson,jessica70@yahoo.com,2024-07-16,Tehran
3,Sarah Ramos,walkeranthony@reyes.com,2025-01-13,Tabriz
4,Joshua Lee,nhill@yahoo.com,2025-01-27,Shiraz
5,Eric Bullock,kayla99@gmail.com,2026-04-07,Shiraz
6,Elizabeth Mendez,beckeroscar@hotmail.com,2025-07-30,Isfahan
7,Sydney Cowan,freycharles@ramos.com,2026-03-20,Mashhad
8,Jason White,reynoldsjeffrey@gmail.com,2024-05-11,Mashhad
9,Jennifer Sanchez,elizabethrichardson@hotmail.com,2023-11-15,Ahvaz
10,Lisa Kaufman,shawnjimenez@roman.com,2023-11-25,Tehran
11,Angela Silva,jay62@warner.com,2023-10-27,Tehran
12,Rachel Morgan DDS,cthompson@pearson-hardin.org,2023-09-08,Mashhad
13,Eric Baxter,melissa82@hotmail.com,2025-07-28,Shiraz
14,Katie Snyder,deanna84@gmail.com,2025-04-11,Shiraz
15,Joel Moore,hernandezcolleen@yahoo.com,2024-06-09,Tehran
16,Katherine Tucker,garciasandra@white.com,2023-06-17,Shiraz
17,Sherry Stone,williamcohen@smith.biz,2025/09/28,Ahvaz
18,Jennifer Kelly,ian28@shields.com,2025-11-11,Shiraz
19,Christopher Sanchez,matthewnichols@owen.com,2024-01-04,Qom
20,Erin Oliver,glengibson@yahoo.com,2024-12-05,Tabriz
21,Robert Gardner,uobrien@hotmail.com,2025-09-14,Tehran
22,Jackson Wong,alvarezjustin@yahoo.com,2026-02-15,Isfahan
23,Andrew Owens,ashley42@yahoo.com,2025-12-26,Ahvaz
24,Amanda Young,ftorres@ferguson.info,2026-02-13,Karaj
25,Scott King,fwalker@hotmail.com,2023-10-17,Tabriz
26,Melissa Haley,lisa01@aguirre.com,2026-04-08,Isfahan
27,Justin Best,johnsonedward@gmail.com,2025-07-28,Shiraz
28,Christopher Burgess,annaanderson@hotmail.com,2024-11-12,Karaj
29,Marcus Keller,allengary@martin.com,2025-02-10,Mashhad
30,Maureen Simmons,mdavenport@pineda-bray.biz,2025-07-23,Mashhad
31,Daniel Ray,blee@gmail.com,2024-12-20,Ahvaz
32,Katie Barrett,zeaton@conner-jensen.com,2023-06-25,Mashhad
33,Danielle Carey,avilajames@gmail.com,2025-04-16,Karaj
34,Micheal Smith,ubishop@novak-farrell.com,2025-10-12,Karaj
35,Becky Charles,sschultz@gmail.com,2026-04-15,Tabriz
36,Katrina Richardson,hughesbrittney@gmail.com,2025-12-16,Tehran
37,Alan Campbell,guerrerosarah@espinoza.biz,2025-09-13,Qom
38,Lauren Chung,blackdanielle@roberts.com,2023-11-28,Mashhad
39,Benjamin Black,sanchezanthony@hill-russell.net,2023-12-27,Ahvaz
40,Susan Maddox,martinezwilliam@yahoo.com,2024-07-12,Mashhad
41,Walter Mcdonald,flemingtimothy@hoover.com,2024-01-28,Tabriz
42,Jonathan Fox,ronaldcarlson@williams.com,2023-09-10,Karaj
43,Madison Boyd,xhill@hotmail.com,2024-05-17,Shiraz
44,Jerry King,jaredlambert@casey.com,2023-10-10,Mashhad
45,Jill Hawkins,schmidtangela@gilbert.com,2024-09-22,Tehran
46,Kelly Hall,wshannon@king-gibson.com,2026-03-21,Shiraz
47,Joseph Campbell,loriwarren@baker.info,2024-11-27,Tabriz
48,David Sandoval,xwest@cervantes-rivers.com,2023-11-22,Mashhad
49,Samuel Mercer,nicole76@mcbride.com,2025-08-01,Shiraz
50,Hector Church,ejackson@ward.com,2023-11-08,Mashhad
51,Jeffrey Mcdaniel,ramirezjamie@anthony.org,2025-10-03,Ahvaz
52,Dylan Ward,warepaul@thomas-cox.info,2025-12-03,Tabriz
53,Daniel Skinner,lbrown@yahoo.com,2023-11-28,Qom
54,Nicole Murray,zrocha@wolf.net,2025-11-11,Karaj
55,Denise Valenzuela,dlee@hotmail.com,2025-10-31,Isfahan
56,Victor Hernandez,diazjudy@reed.com,2024-01-24,Karaj
57,Noah Dorsey,cynthia50@hotmail.com,2025-01-10,Karaj
58,Doris Powell,kelleyjennifer@harris.org,2025-08-23,Shiraz
59,Derek Morris,elizabeth98@gmail.com,2023-11-16,Tabriz
60,Andrew Brown,johnathansanchez@hotmail.com,2026-01-03,Mashhad
61,Dale Lewis,angelajackson@mcclain.biz,2025-08-05,Isfahan
62,Dylan Brewer,michellebrooks@gmail.com,2026-01-26,Shiraz
63,Lisa Lopez,jeffersonzachary@rhodes.info,2024-10-30,Isfahan
64,Ruth Rodriguez,jose98@contreras-alexander.biz,2025-07-30,Qom
65,Leslie Wolfe,kcruz@gomez-suarez.com,2023-07-13,Ahvaz
66,David Holder,shelley97@davis.com,2023-09-20,Tabriz
67,Mary Scott,maynardangela@gmail.com,2025-08-24,Shiraz
68,Kara Myers,dlee@johnson.com,2026-03-05,Karaj
69,Morgan Quinn,sean19@yahoo.com,2024-12-18,Tehran
70,Martin Clark,tperez@yahoo.com,2023-05-21,Shiraz
71,Joseph Lee,madelinehernandez@anderson-holden.com,2023-08-21,Tehran
72,Kenneth Christensen,vargassamantha@collins-higgins.com,2026-04-17,Karaj
73,Cameron Kramer,cookedaniel@gmail.com,2025-10-19,Ahvaz
74,Michael Perez DVM,nicholashart@yahoo.com,2025-07-15,Tabriz
75,Eric Andrade,jeanette16@fisher-hall.com,2025-09-13,Mashhad
76,Sonya Thompson,kaylajackson@hotmail.com,2025-02-16,Shiraz
77,Tara Jones,hillerica@yahoo.com,2024-07-08,Karaj
78,Jared Smith,kweaver@taylor.com,2023-09-04,Shiraz
79,Scott Price DVM,timothy06@yahoo.com,2026-05-11,Qom
80,Anthony Fernandez,denisebarker@jimenez-brown.com,2023-09-15,Ahvaz
81,James Mcmillan,carmen91@smith-brock.com,2024-04-15,Qom
82,Karen Scott,ybaldwin@yahoo.com,2025-08-06,Isfahan
83,Donald Saunders,steven41@briggs.org,2025-02-07,Tabriz
84,Edwin Thomas,laurenwalker@weber.com,2024-12-01,Isfahan
85,Jon Cox,vlane@tate.net,2024-01-18,Shiraz
86,Marvin Patterson,peggymorales@cervantes.org,2024-09-08,Tabriz
87,Dawn Taylor MD,danielcole@davis.net,2025-06-19,Ahvaz
88,Jennifer Cervantes,tbanks@gmail.com,2026-04-11,Ahvaz
89,Sarah Foley,ucabrera@gmail.com,2024-09-28,Karaj
90,Mr. Jose Bruce MD,gillgerald@cook.com,2025-05-30,Shiraz
91,Gerald Mcgee,edwardmccullough@prince.info,2026-03-11,Isfahan
92,Eric Bishop,garrettshawn@paul.com,2023-07-04,Qom
93,Amber Johnson,zspencer@yahoo.com,2024-12-06,Mashhad
94,Matthew Miles,rosariomatthew@yahoo.com,2026-02-20,Tehran
95,Chelsea Obrien,jeffreymiller@gmail.com,2024-10-14,Mashhad
96,Paul Cantu,kevin11@yahoo.com,2023-07-01,Isfahan
97,Karen Hancock,hbrown@hotmail.com,2025-09-25,Isfahan
98,Austin Reyes,nrichardson@anderson.com,2026-01-05,Ahvaz
99,Samuel Sullivan,davissteven@young-hancock.com,2024-10-30,Mashhad
100,Christopher Johnson,kyle76@hotmail.com,2023-07-06,Ahvaz
101,Lauren Krause,chaveztristan@yahoo.com,2023-07-02,Ahvaz
102,Bryan Coleman,jennifer97@yahoo.com,2025-05-10,Qom
103,Robert Henry,devon24@hernandez.net,2023-05-28,Tabriz
104,Daniel Tucker,stuart13@stewart.net,2026-02-25,Tehran
105,Chelsea Anderson,williamcrawford@hotmail.com,2024-02-14,Mashhad
106,Cole Ellis,scotttracy@hotmail.com,2026-05-13,Tabriz
107,Shannon Frank,diane64@jordan.info,2024-11-12,Karaj
108,Latasha Morrison,mmaldonado@hotmail.com,2024-03-19,Mashhad
109,Daniel Olsen,anthonyprice@schneider-morrison.biz,2023-05-16,Tabriz
110,Amber Morgan,murphynicholas@murphy-mckee.net,2024-06-16,Ahvaz
111,Kimberly Carter,allensheryl@patel.com,2024-04-02,Isfahan
112,Andrea Graham,douglas93@fisher-nguyen.com,2024-03-16,Qom
113,Kristopher Roberts,williamphillips@cook-thompson.net,2023-11-23,Tehran
114,Jeffrey Cruz,tamarafox@hotmail.com,2025-11-11,Tabriz
115,Diane Malone,pricebrandon@fields.com,2024-05-03,Isfahan
116,Alyssa Simmons,julia09@hotmail.com,2024-10-09,Mashhad
117,Michael Terry,kristiehart@jones.biz,2024-04-16,Tabriz
118,Raven Campos,brittanymoran@hotmail.com,2024-10-14,Shiraz
119,Christopher Baker,rebecca81@davis.com,2026-03-19,Isfahan
120,Michael Kerr,jacobrobbins@yahoo.com,2026-01-18,Karaj
121,Mr. Michael Rodriguez,rnguyen@gmail.com,2023-08-31,Isfahan
122,Samantha Bentley,schmitterik@hotmail.com,2024-12-16,Tehran
123,Nicholas Allen,stevenfarrell@hotmail.com,2024-10-31,Karaj
124,Timothy Henry,tuckerchristopher@henderson.net,2025-01-20,Qom
125,John Martinez,timothyfrey@yahoo.com,2026-04-09,Tehran
126,Joy Payne,butlerjaime@clarke-green.info,2024-01-25,Mashhad
127,Darren Lin,keith94@hotmail.com,2025-11-06,Karaj
128,Michael Delacruz,ashley93@gmail.com,2023-12-14,Tabriz
129,Frank Curry,kathleenwilliams@shaw.biz,2024-01-05,Shiraz
130,Lauren Ward,davisleslie@wilson.info,2024-06-30,Tehran
131,Lauren Reyes,joshua64@chavez-kelly.net,2024-05-10,Shiraz
132,Caroline Perez,johnsonjeffrey@adams.com,2025-02-28,Mashhad
133,Randy Rogers,mccormickcharles@hotmail.com,2023-11-14,Mashhad
134,Heidi Lee,reedmelissa@yahoo.com,2025-08-25,Qom
135,Joshua Mitchell,lindsey75@hotmail.com,2025-08-24,Mashhad
136,Bruce Sutton,howardthompson@delgado-douglas.com,2024-08-27,Isfahan
137,William Merritt,wanda44@hogan.com,2025-09-26,Isfahan
138,Anthony Beck,pbaker@gmail.com,2024-08-01,Qom
139,Terri Williams,vreid@hotmail.com,2026-02-09,Isfahan
140,Todd Orozco,hayeskatherine@ramos-lopez.com,2024-10-18,Tabriz
141,Susan Anderson,charlescheryl@gmail.com,2025-02-02,Ahvaz
142,Matthew Long,fperez@gmail.com,2025-02-26,Shiraz
143,Jessica Rivers,hansenrobert@adams.biz,2025-12-10,Shiraz
144,Robert Knapp,jennifer65@gmail.com,2025-08-16,Tabriz
145,April Dudley,cmorrison@gmail.com,2025-07-17,Ahvaz
146,Michelle Robbins,dlynn@gmail.com,2025-03-05,Karaj
147,Andrew Evans,amoore@morrison.biz,2025-04-21,Qom
148,Deborah Davis MD,sharpholly@hotmail.com,2026-02-06,Qom
149,Ms. Sandra Martinez,millerphillip@hotmail.com,2025-11-16,Mashhad
150,Cory Medina,michele44@hansen.info,2026-03-22,Shiraz
151,Audrey Lambert,ahensley@hotmail.com,2024-06-04,Shiraz
152,Desiree Ross,pjohnson@benjamin-vasquez.com,2025-07-22,Mashhad
153,Shane Adams,sabrina97@gmail.com,2025-02-08,Karaj
154,Tracy Owens,shawjamie@gmail.com,2024-03-13,Tehran
155,Elizabeth Garcia,awilliams@henderson-wagner.com,2023-12-01,Shiraz
156,Jeffrey Austin,victoriagomez@gmail.com,2026-01-17,Shiraz
157,Amanda Mathews,biancacasey@yahoo.com,2026-02-13,Tehran
158,William Dodson,ann19@jacobson-watkins.com,2026-01-21,Mashhad
159,Elizabeth Lang,vincentsmith@hotmail.com,2025-01-31,Tehran
160,Ashley Morris,rachel19@yahoo.com,2025-12-18,Shiraz
161,Franklin Morris,amanda14@love-clark.org,2025-11-17,Mashhad
162,Jamie Levy,jessica11@hotmail.com,2026-01-24,Tehran
163,Julie Harris,martinezerica@castillo.com,2023-07-31,Karaj
164,Mitchell Miranda,schaefercharles@stewart.biz,2025-07-16,Mashhad
165,William Jackson,rogerskatie@yahoo.com,2025-02-22,Shiraz
166,Tammie James,jasonyoung@yahoo.com,2023-06-10,Tabriz
167,Ariel Bell,johnwood@yahoo.com,2025-12-19,Qom
168,Julie Johnson,adam20@yahoo.com,2025-06-18,Shiraz
169,Nancy Howard,rodriguezmatthew@gmail.com,2024-10-23,Isfahan
170,Teresa Murillo,vperry@barrett.org,2023-09-01,Qom
171,Claudia Chang,croth@hotmail.com,2024-05-08,Shiraz
172,Joshua Anderson,lisa02@thornton.com,2024-10-09,Qom
173,April Hughes,timothy39@vasquez.net,2024-12-14,Ahvaz
174,John Meza,qking@hotmail.com,2023-10-25,Shiraz
175,Kathryn Craig,harrismonica@price-baird.net,2025-05-20,Mashhad
176,Brett Smith,vhammond@yahoo.com,2024-04-07,Mashhad
177,Vincent Reid,johnsontyler@bradley.com,2025-12-13,Ahvaz
178,Joe Green,trevinojohn@trujillo-ramirez.com,2026-03-07,Karaj
179,Brenda Carlson,david20@boone.com,2023-10-08,Ahvaz
180,Ana Davies,ricegregory@vazquez.com,2024-04-20,Ahvaz
181,Denise Howard,amoore@gmail.com,2024-08-26,Qom
182,Scott Rivas,evanspaul@roberts.info,2025-01-26,Tehran
183,Janice Nunez,donnadawson@robertson.com,2024-05-04,Mashhad
184,Eric Allen,alexandra66@hotmail.com,2025-08-09,Tehran
185,Kelly Nichols,carpenterjack@yahoo.com,2025-07-02,Ahvaz
186,Penny Williams,christina56@delacruz.org,2025-01-01,Karaj
187,Amanda Howard,cramirez@webb-webster.org,2025-11-05,Mashhad
188,Timothy Carroll,manuel33@frank.com,2024-11-04,Shiraz
189,John York,fgriffith@french.com,2024-03-17,Shiraz
190,Veronica Turner,imiller@hotmail.com,2025-01-10,Shiraz
191,Gina Reynolds,geraldyoung@davis-brooks.info,2023-11-05,Qom
192,Bryce Perkins,samantha45@parker-luna.org,2024-01-17,Isfahan
193,Raymond Nichols,colemanjennifer@hotmail.com,2025-03-22,Ahvaz
194,Crystal Carlson,mgentry@watkins-brown.com,2024-04-27,Isfahan
195,Steven Chandler,peterparker@hotmail.com,2024-05-19,Tabriz
196,Barbara Bender,jesse78@hotmail.com,2024-05-25,Qom
197,Matthew Gomez,allisonday@hotmail.com,2026-04-02,Shiraz
198,Kimberly Wallace,donaldhickman@yahoo.com,2025-01-24,Mashhad
199,Melissa Durham,darrellwilliams@norton-brown.biz,2024-12-12,Qom
200,Brian Moore,davidbell@gmail.com,2025-05-15,Mashhad
201,Robert Harrison,garnerglen@cunningham-jordan.com,2024-08-15,Tehran
202,Jimmy Perez,martinezsean@gmail.com,2026-01-31,Tehran
203,Adam Burgess,theresa90@yahoo.com,2026-02-02,Mashhad
204,Gary Medina,wcampbell@gmail.com,2026-02-03,Shiraz
205,Deborah Morales,jeromerogers@hotmail.com,2026-01-06,Isfahan
206,Tina Decker,bowmanmegan@hotmail.com,2023-05-16,Ahvaz
207,Jorge Ho,luke05@knight.biz,2024-10-01,Qom
208,Hannah Smith,kfranklin@ross-jackson.com,2025-09-25,Qom
209,David Moore,ebranch@gmail.com,2025-04-06,Shiraz
210,Samantha Murphy,dfoley@yahoo.com,2025-11-05,Ahvaz
211,Michael Williamson,bchapman@rubio.com,2025-05-02,Tehran
212,Michael Wallace,francisalicia@rogers-sanders.net,2025-07-12,Isfahan
213,Stacy Gomez,emiller@robinson-kelley.com,2025-09-18,Ahvaz
214,Martin Rodriguez,robert79@gmail.com,2025-09-10,Tehran
215,Antonio Manning,fholmes@garza-craig.info,2024-01-02,Ahvaz
216,Isaiah Gregory,waltersjason@yahoo.com,2024-12-15,Tabriz
217,Kelli Mercer,kyle88@williams.com,2023-09-16,Qom
218,Dawn Wright,davidwalker@hotmail.com,2024-11-23,Tabriz
219,Katherine Ramirez,andersonlawrence@yahoo.com,2026-04-17,Ahvaz
220,Robert Pennington,davidsontiffany@sandoval.com,2025-10-04,Qom
221,Samantha Young,davisamber@yahoo.com,2024-04-17,Isfahan
222,Mr. Alexander Johnson,awebster@gmail.com,2025-08-22,Shiraz
223,Joseph Cox,jgilmore@warren.com,2023-09-21,Tabriz
224,Tanya Reeves,hawkinsholly@schmidt-ruiz.com,2024-03-25,Shiraz
225,Edward Mendoza,morrowkurt@yahoo.com,2023-11-26,Tehran
226,Brian Castro,christine49@yahoo.com,2023-07-16,Tehran
227,Johnny Johnson,jake18@gmail.com,2026-01-07,Karaj
228,Jerry Blair,ashley03@gmail.com,2024-08-30,Tehran
229,Marcus Burton,ayaladakota@rivera-hall.net,2026-03-27,Tehran
230,Alicia Huang,eterry@black-sullivan.org,2024-08-16,Qom
231,Terri Calhoun,chadnewman@gilbert-tucker.com,2026-05-01,Isfahan
232,Suzanne Poole,ynorman@yahoo.com,2024-11-07,Tehran
233,Amanda King,wthomas@robinson.com,2024-03-01,Mashhad
234,Karen Sutton,whitejose@hotmail.com,2023-12-29,Isfahan
235,Eric Cunningham,mcdonaldedward@downs.net,2024-03-06,Mashhad
236,Alexandria Berg,denise68@stevens.com,2025-09-14,Mashhad
237,Brent Martinez,benjaminclark@johnson.biz,2023-07-20,Shiraz
238,Lauren Miller,mitchellkristen@gmail.com,2025-06-25,Ahvaz
239,Stephen Mooney,mpotts@hotmail.com,2026-03-25,Mashhad
240,Robert Dixon,ericcraig@henson.org,2025-07-06,Shiraz
241,James Cruz,karendiaz@hotmail.com,2024-05-16,Tehran
242,Robert Castro,curtis11@gutierrez.com,2024-06-29,Mashhad
243,Matthew Smith,haileywillis@ballard-hampton.info,2026-02-25,Ahvaz
244,William Brooks,levykathy@gmail.com,2025-04-11,Karaj
245,Molly Boyd,mosleyrachel@smith.com,2026-04-02,Tabriz
246,Eric Williams,bryantkristin@hotmail.com,2025-01-23,Shiraz
247,Jason Perez,ptran@gmail.com,2023-05-27,Karaj
248,Tanya Jackson,martinrose@hotmail.com,2025-09-23,Shiraz
249,Eric Mitchell,zwong@hernandez.org,2025-11-21,Tabriz
250,Cassandra Miller,usmith@hotmail.com,2024-05-04,Ahvaz
251,Kelly Martin,saragraham@hotmail.com,2024-10-30,Isfahan
252,Taylor Trujillo,rachel77@norris-hernandez.com,2026-03-11,Tabriz
253,Seth Davis,madisonbullock@yahoo.com,2024-04-18,Qom
254,Robert Cunningham,michaellittle@yahoo.com,2025-02-06,Karaj
255,Matthew Perez,ymartinez@walker.com,2024-12-10,Mashhad
256,Carolyn Taylor,kenneth75@williams-ramos.com,2026-04-09,Tehran
257,Robert Doyle,dianesellers@hotmail.com,2023-08-14,Qom
258,Patricia Guerrero,kyle42@gmail.com,2025-02-19,Mashhad
259,Catherine Brown,cbowen@hotmail.com,2024-06-13,Mashhad
260,Stephanie Santiago,perkinspatrick@gmail.com,2026-01-30,Shiraz
261,Anthony Waller,sandratanner@kelley-holt.org,2023-08-11,Tabriz
262,Lindsey Hall,andersonrobert@williams.info,2023-08-26,Isfahan
263,Jaime Callahan,qhobbs@lopez.com,2023-07-28,Karaj
264,Julie Aguirre,owhite@small.biz,2026-03-03,Mashhad
265,Tony Porter,tina34@mclaughlin.biz,2025-08-01,Shiraz
266,Pamela Stone,davidmartinez@marsh.biz,2025-06-23,Karaj
267,Sarah Gill,grahamlucas@jones-hunt.com,2025-08-06,Tabriz
268,Heather Rice,hannahmeyer@yahoo.com,2025-06-21,Isfahan
269,Maurice Stafford,kennethcummings@gmail.com,2024-06-07,Qom
270,Tony Wilson,amber82@hotmail.com,2023-09-26,Tabriz
271,Jermaine Cox,hamptonjonathan@hotmail.com,2024-08-01,Tehran
272,Robert Baker,sscott@yahoo.com,2025-12-11,Tabriz
273,George Snyder,melanieconner@gmail.com,2024-08-08,Mashhad
274,Michael Harris,lewiskristie@leon-calderon.com,2026-01-31,Isfahan
275,Andrea Medina,jeanne46@gmail.com,2025-09-21,Tabriz
276,Lori Lindsey,yhoward@yahoo.com,2024-10-09,Mashhad
277,Benjamin Russell,tranandrew@yahoo.com,2026-02-17,Mashhad
278,Derek Bailey,mariahowell@hotmail.com,2026-02-21,Isfahan
279,Anthony Gallegos,paulascott@vazquez-harding.com,2024-09-17,Tabriz
280,Justin Obrien,phillip99@wells-esparza.com,2023-11-24,Tabriz
281,Patrick Bullock,fsullivan@hotmail.com,2026-03-17,Shiraz
282,Michael Alexander,deborah12@rodriguez.com,2023-11-21,Karaj
283,Scott Davis,martintamara@hunter.biz,2025-09-23,Shiraz
284,Jay Massey,nrussell@yahoo.com,2024-11-05,Tabriz
285,Karen Hunt,millerbrianna@petersen-lopez.com,2024-12-03,Qom
286,Jessica Sullivan,wolson@hotmail.com,2023-05-28,Tabriz
287,Lauren Martinez,wsmith@gmail.com,2023-06-12,Tehran
288,Stephanie Johnson,wrightjordan@green-hood.net,2024-02-08,Mashhad
289,Gary Meyer,rhonda16@gmail.com,2023-10-15,Ahvaz
290,Cheryl Brown,eric72@gmail.com,2023-12-17,Tabriz
291,Derek Johnson,wrightrobert@hotmail.com,2025-02-28,Tehran
292,Mr. David King,yangleslie@villa-fischer.com,2024-10-25,Tehran
293,Janice Wu,rcarter@pratt.net,2026-04-24,Karaj
294,Mary Anderson,raymondjohnson@yahoo.com,2024-03-27,Isfahan
295,Brandon Douglas,clarknicole@king-moore.com,2026-04-23,Tabriz
296,Bonnie Hansen,yrussell@yahoo.com,2025-07-27,Isfahan
297,Michael Heath,williamjohnson@gmail.com,2025-05-01,Qom
298,Charles Coleman,dkirby@yahoo.com,2025-10-10,Ahvaz
299,Tyler Jones,bgarcia@yahoo.com,2026-01-07,Tehran
300,David Stanley,bstewart@morris.com,2025-02-11,Mashhad
301,Marc Allen,rrobinson@yahoo.com,2023-09-11,Mashhad
302,Chelsea Cline,chase30@gmail.com,2025-03-12,Isfahan
303,Karen Smith,bhamilton@yahoo.com,2024-10-12,Tehran
304,Teresa Gomez DVM,zacharyhill@yahoo.com,2024-10-24,Karaj
305,Ryan Brown,peter66@smith.com,2024-02-23,Isfahan
306,Michael Hammond,gutierreznicholas@solomon-fisher.info,2024-06-29,Ahvaz
307,James Torres,lopezlisa@perry.com,2023-10-10,Isfahan
308,William Lee,qwood@gmail.com,2025-09-03,Tehran
309,Shelly Lewis,floresalicia@yahoo.com,2025-06-11,Tabriz
310,Cynthia Sims,nwade@vasquez.biz,2026-05-14,Karaj
311,Tabitha Johnson,masonmichael@burnett-salinas.biz,2025-05-14,Tehran
312,Shannon Bradley,patricia59@hotmail.com,2023-07-28,Karaj
313,Carl Bennett,joseph58@gmail.com,2024-09-14,Shiraz
314,Trevor Miller,jwelch@larson.biz,2025-03-29,Shiraz
315,Dale Schmidt,yvincent@yahoo.com,2025-01-22,Mashhad
316,Ruth Alvarez,ramoslynn@gmail.com,2023-07-24,Karaj
317,Lori Davis,angelatravis@reyes-ali.net,2023-10-22,Ahvaz
318,Sylvia Andrews,joshua10@yahoo.com,2023-06-20,Isfahan
319,Brooke Mckee,tyler67@gmail.com,2024-02-04,Shiraz
320,Samuel Clark,qreed@hotmail.com,2025-06-16,Isfahan
321,Michael Hoover,kevinthomas@hotmail.com,2023-11-06,Isfahan
322,Cynthia Barr,wpierce@obrien.com,2024-01-28,Ahvaz
323,Mariah Hunter,marialutz@yahoo.com,2026-02-09,Tehran
324,Andrew Hudson,timothysanders@hotmail.com,2024-10-15,Isfahan
325,Theresa Hill,christopher68@hotmail.com,2023-12-21,Karaj
326,James Long,ijimenez@cantrell.com,2025-05-12,Ahvaz
327,Troy English,xjohnson@yahoo.com,2025-10-16,Shiraz
328,Katherine Decker,vgonzalez@yahoo.com,2026-04-05,Tabriz
329,Pamela Rowe,jamestammy@ross-parker.com,2026-03-30,Isfahan
330,Peter Hodges,rcruz@harding.com,2023-06-23,Mashhad
331,Christopher Long,jose36@washington.com,2023-09-21,Ahvaz
332,Adam Freeman,ashleythomas@chase.com,2023-06-02,Tehran
333,Jessica Wilkins,jacksontheresa@weaver-moran.com,2023-09-12,Qom
334,Howard Key,william44@rodriguez-martin.net,2025-02-26,Shiraz
335,William Leonard,samuel80@baker.org,2023-10-22,Shiraz
336,Jennifer Benton,paulamassey@hotmail.com,2026-03-04,Qom
337,William Leon,robinsonjoy@young.com,2024-02-20,Karaj
338,Kenneth Chambers,mary68@hotmail.com,2024-08-15,Tabriz
339,Molly Mcdowell,robert07@gmail.com,2024-06-03,Shiraz
340,Alexander Barry,lauragray@rodriguez.net,2026-05-11,Shiraz
341,Crystal Wilson,alexis89@reid.biz,2023-07-06,Tehran
342,Thomas Long,andrewsingleton@hotmail.com,2025-09-06,Shiraz
343,Whitney Lewis,glendaallen@daniels.biz,2026-04-09,Ahvaz
344,Christian Dennis,jennifer90@martinez.com,2024-01-22,Karaj
345,Dale Newton,jennifer99@gmail.com,2023-08-12,Tabriz
346,Abigail Moody,ibruce@yahoo.com,2026-02-11,Mashhad
347,David Berg,qthompson@yahoo.com,2025-04-04,Tabriz
348,Ruben Glass,stacygarner@hotmail.com,2023-09-14,Karaj
349,Michael Moore,victorbaird@yahoo.com,2023-12-22,Ahvaz
350,Karina Trevino,acevedorobert@gmail.com,2023-07-01,Karaj
351,Scott Kim,jbarnett@yahoo.com,2026-02-01,Tehran
352,Brooke Watson,carlareid@briggs-lawrence.com,2024-06-10,Mashhad
353,Matthew Gonzalez,hughesjeffrey@hotmail.com,2025-12-05,Tabriz
354,Jonathan Hardy,tara74@hotmail.com,2025-03-12,Isfahan
355,Jacob King,rebecca27@hotmail.com,2024-08-05,Tabriz
356,Dustin Hall,johnpeterson@hotmail.com,2024-09-05,Tehran
357,Evan Sullivan,melanie48@castro.com,2025-10-19,Mashhad
358,Sabrina Davis,ijohnson@campos.com,2025-08-08,Ahvaz
359,Mackenzie Johnson,sanchezdavid@yahoo.com,2023-11-13,Karaj
360,Kevin Jones,bradleygibson@gmail.com,2025-04-23,Karaj
361,Bonnie Harris,rjenkins@hotmail.com,2025-08-29,Ahvaz
362,Hayden Blankenship,ruth86@hotmail.com,2025-11-28,Mashhad
363,Carla Sanders,kristi26@gmail.com,2025-10-13,Ahvaz
364,Eric Perkins,weeksjessica@hotmail.com,2025-08-07,Shiraz
365,Kevin Aguilar,wharris@hotmail.com,2024-10-31,Tabriz
366,Dr. Jeffrey Turner,ejackson@yahoo.com,2023-12-17,Tehran
367,Mr. Christopher Dyer,bdiaz@hotmail.com,2024-04-03,Ahvaz
368,Brian Wilson,vcannon@mcintosh-estes.com,2023-07-07,Tehran
369,Matthew Diaz,nkirk@benson.net,2024-10-15,Shiraz
370,Samuel Baker,wellslaura@hanna-reyes.com,2023-06-03,Karaj
371,Susan Padilla,idalton@gmail.com,2024-03-08,Ahvaz
372,Olivia Lee,whiterandy@kent-fernandez.com,2023-11-07,Mashhad
373,Olivia Howell,wilkersonroger@smith-harris.info,2025-12-26,Karaj
374,Timothy Baker,catherine65@meza.com,2023-08-14,Karaj
375,Laura Mendez,veronica86@yahoo.com,2025-04-30,Mashhad
376,Maria Guzman,igraves@orozco.net,2026-05-11,Tabriz
377,Kristin Ramirez,daviskimberly@johnson-crosby.info,2026-04-02,Tabriz
378,Steven Sosa,nicholasbell@keller-tucker.com,2025-06-28,Ahvaz
379,Collin Vargas,jeremy43@boyd.net,2025-01-24,Karaj
380,Kristen Harris,jmedina@smith-murphy.com,2024-07-25,Ahvaz
381,Carrie Jacobs,melissa80@gmail.com,2024-01-30,Tabriz
382,Dorothy Stewart,williamsandrew@rios.com,2024-02-13,Isfahan
383,Austin Hatfield,timothywalters@caldwell-lara.com,2025-06-23,Shiraz
384,Shawna Reyes,coreylawrence@yahoo.com,2024-09-29,Ahvaz
385,Mark Williams,leon98@peterson.com,2025-04-27,Ahvaz
386,Heather King,markmay@hotmail.com,2025-05-08,Isfahan
387,Annette Elliott,lisa10@matthews.com,2024-06-16,Tabriz
388,Erin Mccann,stevencameron@yahoo.com,2024-09-14,Ahvaz
389,Steven Frazier,hthompson@yahoo.com,2025-04-16,Tehran
390,Cindy Krueger,chasecrystal@gmail.com,2025-12-26,Tabriz
391,Sheri King,pagejohn@yahoo.com,2024-06-16,Tabriz
392,William Young,jeremy19@yahoo.com,2023-08-06,Shiraz
393,Xavier Fisher,ljones@yahoo.com,2023-07-04,Ahvaz
394,Erin Nelson,bgreen@yahoo.com,2024-04-03,Karaj
395,Jesus Medina,urussell@hotmail.com,2025-09-29,Qom
396,Jessica Harris,jessicavelazquez@wu.net,2024-02-08,Qom
397,David Yates,forbeslinda@nelson-hopkins.com,2024-11-03,Qom
398,Teresa Wilkinson,zmartin@ward-jones.org,2025-09-22,Shiraz
399,Laura Hernandez,millsscott@hall.com,2026-03-17,Qom
400,Yvonne Warner,thomasrichard@watson-johnson.net,2023-10-09,Isfahan
401,Nicholas Johnson,adamsstephanie@hotmail.com,2024-07-26,Mashhad
402,Martin Wilson,david02@gonzalez.com,2025-03-25,Tabriz
403,Mark Herman,mooresean@gmail.com,2023-06-19,Karaj
404,Jaime Manning,gordonkaren@evans.com,2023-11-02,Mashhad
405,Robert Perkins,deniselee@gmail.com,2023-07-23,Shiraz
406,Denise Garrett,swright@harris.net,2025-08-30,Tabriz
407,Jessica Allen,wmaxwell@yahoo.com,2023-07-31,Shiraz
408,Brenda Smith,ashlee81@rice.net,2026-01-12,Shiraz
409,Ashley Carney,mark00@herrera.info,2025-02-06,Isfahan
410,William Lane,harveyjorge@price.com,2023-07-20,Tehran
411,Jeffrey Mckenzie,vmiller@bender-douglas.net,2024-12-11,Tehran
412,Joseph Morris,john79@hotmail.com,2024-11-20,Shiraz
413,Jacob Herrera,broberts@trujillo.org,2024-02-23,Qom
414,Karen Bates,tiffanytaylor@burton.com,2025-12-19,Mashhad
415,Tara Benson,underwoodfrancisco@yahoo.com,2024-12-31,Qom
416,Scott Mullins,hubbardjustin@collins.info,2024-11-17,Ahvaz
417,Heidi Drake,phelpsmelanie@gmail.com,2024-12-16,Shiraz
418,Kimberly Lin,tamaracurry@johnson-nichols.com,2026-01-24,Ahvaz
419,Stephanie Cole,amandawhite@gmail.com,2023-11-06,Qom
420,Jennifer Espinoza,williamgarcia@stevens.com,2025-08-29,Ahvaz
421,Fred Mccormick,alexis47@hotmail.com,2025-04-25,Shiraz
422,Susan Webster,zbecker@hotmail.com,2025-05-30,Isfahan
423,Phillip Hampton,yrogers@gmail.com,2026-04-15,Tehran
424,Daniel Allen,williamsrhonda@navarro.com,2025-01-18,Mashhad
425,Wendy Serrano,shannon06@stuart.net,2024-01-17,Ahvaz
426,Julia Roberts,gutierrezmiranda@gmail.com,2024-09-01,Shiraz
427,Amanda Johnston,danielmcintyre@walker.org,2023-08-09,Isfahan
428,Crystal Archer,kylegarcia@yahoo.com,2025-01-02,Qom
429,Robert Simmons,sherryharrison@gmail.com,2024-02-10,Tehran
430,John Schroeder,qmay@gmail.com,2023-07-13,Shiraz
431,Mr. Gregory Jones MD,wilsonerika@wilson-collins.com,2023-06-22,Mashhad
432,Tracy Nelson,michelle42@george.com,2024-06-14,Qom
433,Jay West,nancymoss@owens.info,2026-01-19,Isfahan
434,Andrew Arnold,josecarey@hotmail.com,2024-06-11,Qom
435,Richard Davis,ryanford@yahoo.com,2024-12-23,Karaj
436,Alexander Park,rebeccaosborne@gmail.com,2024-06-06,Qom
437,Erin Pierce MD,thomasperez@yahoo.com,2025-04-23,Ahvaz
438,Evan Lucas,edwardsvalerie@yahoo.com,2025-02-10,Qom
439,Angela Bernard,matthewjohnson@hotmail.com,2026-03-11,Isfahan
440,Michael Ward,xmiller@yahoo.com,2025-03-31,Qom
441,Anna Duncan,jessica21@murillo-lewis.com,2024-08-10,Qom
442,George Cole,jamie35@banks.com,2024-11-24,Tabriz
443,Christian Garcia,youngdavid@gmail.com,2025-04-01,Shiraz
444,Hector Palmer,kpotter@gmail.com,2024-01-04,Tabriz
445,Joe Guerra,sarajennings@gmail.com,2024-03-09,Qom
446,Julie Beck,gjackson@yahoo.com,2024-10-16,Shiraz
447,Amy Collier,oacosta@jones.com,2025-07-02,Tabriz
448,Michael Alvarez,jessefrench@crane.org,2023-06-08,Qom
449,Jessica Green,vanessalopez@hotmail.com,2023-12-09,Mashhad
450,Ashley Jimenez,lford@hotmail.com,2023-12-05,Tabriz
451,Heather Thomas,debbiesalazar@garcia.org,2024-03-02,Shiraz
452,Matthew Stone,csteele@yahoo.com,2025-01-07,Tabriz
453,Jennifer Huber,brownpaul@gmail.com,2024-05-07,Karaj
454,Rachael Johnson,fclark@walker.net,2024-08-18,Karaj
455,Vanessa Anderson,olsontammy@lloyd.com,2024-09-09,Mashhad
456,Brittany Harris,gavinsmith@yahoo.com,2024-09-17,Isfahan
457,Tammy Martinez,williamsjessica@yahoo.com,2023-07-04,Isfahan
458,Jimmy White,bettydavila@perez.org,2026-02-21,Shiraz
459,James Watkins,katherine51@johnson-petersen.com,2025-11-06,Ahvaz
460,Bridget Woods,ycampbell@jacobs.org,2026-01-09,Isfahan
461,Kevin Beard,awatkins@mason-goodman.com,2024-06-07,Shiraz
462,Kathy Calderon,jasongarcia@yahoo.com,2024-03-20,Mashhad
463,Brooke Myers,brayryan@gmail.com,2025-01-15,Ahvaz
464,James Jackson,schultzlaura@yahoo.com,2025-03-16,Ahvaz
465,Kevin Pratt,jessica01@gmail.com,2025-05-16,Karaj
466,Caitlin Brown,kevinalexander@hotmail.com,2025-09-10,Qom
467,Jennifer Hebert,timothycollins@hotmail.com,2025-01-08,Ahvaz
468,Sandra Gonzalez,amy45@rojas.org,2024-04-02,Tehran
469,Christopher Williams,adamhill@anderson-vazquez.com,2024-01-02,Shiraz
470,Daniel Jones,rnolan@hotmail.com,2024-11-02,Ahvaz
471,Miss Lindsey Walters,qgreer@gmail.com,2024-06-14,Ahvaz
472,Todd Harrell,ostanley@madden.com,2024-06-25,Tehran
473,Michelle Smith,pattonchelsea@miranda-garcia.org,2026-02-01,Ahvaz
474,Brenda Padilla,hjones@ramirez-evans.org,2024-01-15,Qom
475,Angela Farrell,acole@hotmail.com,2025-08-20,Tehran
476,Robin Jones,angela88@yahoo.com,2026-01-24,Karaj
477,Eric Lewis,mckeeantonio@hotmail.com,2025-12-26,Tabriz
478,Christopher Anderson,williamsjennifer@gmail.com,2025-05-20,Ahvaz
479,Jeffrey Carter,alexandra26@hotmail.com,2023-07-15,Ahvaz
480,Brittany Perkins,torrestroy@gmail.com,2025-11-10,Shiraz
481,Samantha Rojas,steven02@charles-berger.com,2023-11-30,Qom
482,Nancy Wade,ramseyrachael@gmail.com,2026-01-20,Shiraz
483,Mary Clark,jacksonregina@juarez.org,2023-10-03,Tabriz
484,Jennifer Taylor,nfarley@yahoo.com,2024-12-09,Ahvaz
485,Karen Gibbs,anthonyolson@rodgers.net,2025-11-18,Qom
486,Rebecca Jones,leonardmargaret@gmail.com,2024-08-12,Tehran
487,Joseph James,hmitchell@reyes.net,2023-08-05,Ahvaz
488,Meghan Meyer,cherrykristin@trujillo.com,2023-10-21,Karaj
489,Timothy Barnett,ybutler@hood.com,2023-07-03,Ahvaz
490,Stephanie Jones,brandonyoung@miller.com,2024-05-07,Isfahan
491,James Hernandez,hobbsamy@yahoo.com,2024-01-02,Qom
492,Dawn Poole,riosmathew@gmail.com,2025-06-03,Isfahan
493,Shane Long,michellewoods@yahoo.com,2025-02-02,Tehran
494,Nicholas Holt,kellymiller@owen.org,2024-12-30,Ahvaz
495,Derek Avila,mwilson@arnold.info,2023-07-30,Tehran
496,Amber Perkins,anthony57@stout-banks.info,2023-10-09,Mashhad
497,Jennifer Wilson,elijah33@yahoo.com,2025-01-03,Ahvaz
498,Heather Holden,karapage@hotmail.com,2024-06-09,Isfahan
499,Kristie Mccormick,christopher72@boyd.com,2023-09-19,Qom
500,Stanley May,jamiehoward@yahoo.com,2024-11-20,Isfahan
501,Jessica Douglas,lauraallison@gmail.com,2024-12-14,Tehran
502,Michael Wagner,cjohnson@herring.com,2024-09-15,Tabriz
503,James Lee,crosssandra@hotmail.com,2023-10-05,Ahvaz
504,Briana Stafford,hughesanthony@fisher.com,2025-09-10,Karaj
505,Susan Maldonado,caroline24@yahoo.com,2024-03-28,Shiraz
506,Antonio Baker,ibanks@yahoo.com,2024-03-24,Qom
507,Wesley Tucker,lphillips@mejia.com,2023-08-29,Karaj
508,Donna Fowler,matthewfrancis@patton.net,2025-05-29,Karaj
509,Danielle Murphy,matthew03@gmail.com,2023-08-17,Ahvaz
510,Wendy Farrell,tanya89@pitts.com,2024-02-21,Tabriz
511,Mark Brown,murphydeanna@webb.com,2024-10-26,Ahvaz
512,Brenda White,wlawrence@griffin.com,2025-05-28,Tabriz
513,Jeffery Brock,andrew28@hotmail.com,2024-01-10,Mashhad
514,Stephanie Gray,caitlyn25@gonzales.biz,2023-08-12,Qom
515,Larry Lynn,jamesjensen@cabrera.com,2025-09-12,Tehran
516,Mary Cook,samanthagreen@hotmail.com,2024-07-01,Tehran
517,Michael Sanders,josephdecker@marks.biz,2025-11-18,Karaj
518,Bruce Gilbert,sawyersamuel@white.com,2023-08-29,Shiraz
519,Diane Davis,wellskatherine@friedman.com,2024-06-28,Mashhad
520,Jose Tucker,warrendale@hotmail.com,2024-09-22,Tehran
521,Victor Mclaughlin,dennishughes@hotmail.com,2024-01-19,Tehran
522,Sierra Mcmillan,rmiller@hotmail.com,2024-04-08,Shiraz
523,Jeffrey Patterson,gina01@dillon-evans.biz,2024-06-09,Shiraz
524,Heather Coleman,sanchezjustin@nguyen-chen.org,2024-02-12,Tehran
525,Christopher Hudson,amandacalhoun@yahoo.com,2025-07-08,Isfahan
526,Danielle Mitchell,wpoole@cross.org,2025-11-10,Shiraz
527,Darin Martin,curtisblake@chavez.com,2025-10-24,Isfahan
528,Eric Smith,parkerbarajas@johnson.org,2024-05-26,Qom
529,Christopher Rodriguez,jenniferross@hotmail.com,2024-11-13,Mashhad
530,Robin Collier,alexandrakennedy@hotmail.com,2026-03-17,Shiraz
531,Luis Frey,fernandezjohn@dominguez-mills.net,2025-04-22,Qom
532,Thomas Baker,shelby22@perez-paul.com,2024-12-05,Tabriz
533,Jill Gibson,murraytyler@yahoo.com,2024-12-27,Karaj
534,Rhonda Stewart,brandisoto@gmail.com,2023-05-21,Isfahan
535,Sarah Wallace,christopher07@yahoo.com,2023-06-18,Mashhad
536,Tammy Barker,sanchezeric@yahoo.com,2026-04-16,Isfahan
537,Nicole Gill,martinezvictoria@yahoo.com,2023-11-01,Tabriz
538,Lisa Jefferson,lstanley@gutierrez-collins.com,2025-11-19,Mashhad
539,Jessica Oconnell,krystal25@anderson.com,2025-05-09,Tehran
540,Angela Gross,rburch@hawkins.biz,2025-10-16,Tabriz
541,Andrew Robinson,louisjohnson@wright-jacobs.com,2023-05-30,Ahvaz
542,Nicholas Campbell,dmiranda@evans.com,2025-10-21,Ahvaz
543,James Sawyer,isaiah53@hotmail.com,2024-09-26,Shiraz
544,Jennifer Brown,weaverscott@francis-white.net,2025-02-14,Mashhad
545,Timothy Spencer,alyssa06@harmon.biz,2024-05-11,Shiraz
546,Allison Snyder,patricia89@cruz.com,2024-04-22,Mashhad
547,Emily Norris,smithtricia@hotmail.com,2024-07-08,Tabriz
548,Anna Webster,lisa45@gilbert-poole.org,2025-10-15,Mashhad
549,Tyler Smith,cole68@gmail.com,2024-04-09,Tehran
550,Micheal Morales,david59@yahoo.com,2023-09-23,Karaj
551,Courtney Moreno,wgreer@hotmail.com,2024-01-26,Ahvaz
552,Christopher Roberts,frojas@cook.com,2023-12-12,Karaj
553,Miss Breanna Jacobs,mitchell45@hotmail.com,2026-01-04,Mashhad
554,Jamie Padilla,mgreene@moore-jones.biz,2024-03-08,Karaj
555,Kevin Hendricks,david11@young.com,2024-01-17,Tehran
556,Barry Powers,ythompson@gmail.com,2024-01-27,Ahvaz
557,Margaret Dalton,williamsjames@cook-bailey.info,2025-05-20,Qom
558,Melissa Benson,andersonaaron@taylor.com,2026-03-01,Mashhad
559,Jon Werner,stevenmiller@bailey.com,2023-05-18,Ahvaz
560,Alice Miles,lorifranco@brown-hill.com,2024-03-15,Karaj
561,Todd Schultz,jeffreygraham@wilkerson.com,2024-12-08,Qom
562,Madison Taylor,nlopez@hotmail.com,2025-05-31,Isfahan
563,Amanda Evans,tuckerkeith@jackson.com,2025-03-30,Ahvaz
564,Sarah Austin,james22@gmail.com,2025-09-16,Isfahan
565,Laura Kemp,shawn28@yahoo.com,2026-03-11,Tabriz
566,Keith Lester,montgomerychristopher@hotmail.com,2024-02-10,Qom
567,Samuel Gray,victoria42@solomon.com,2024-10-14,Qom
568,Mitchell Gonzales,luis05@collins.com,2024-12-24,Ahvaz
569,Chris Mccormick,deanmorales@douglas.org,2026-01-24,Tabriz
570,Dominic Perry,zharris@lane.com,2025-02-18,Karaj
571,Adam Morris,edwincontreras@hotmail.com,2025-05-29,Shiraz
572,Kendra Thomas DDS,martinezroy@hotmail.com,2024-07-14,Mashhad
573,John White,johnjackson@gmail.com,2025-03-13,Tabriz
574,Danielle Burke,chandleranna@gmail.com,2025-10-22,Qom
575,Holly Strickland,stephanie27@yahoo.com,2023-10-29,Shiraz
576,Kim Phillips,brittany84@gmail.com,2023-09-18,Qom
577,Lynn Thomas,brittanywoodward@bird.net,2026-04-16,Ahvaz
578,Sierra Smith,justinbeltran@gmail.com,2025-02-11,Karaj
579,Kendra Golden,cynthia97@mcknight.com,2024-09-02,Tehran
580,Heather Barr,stephenclay@wilson.com,2025-11-04,Qom
581,Katie Graham,michelle74@hotmail.com,2025-08-15,Karaj
582,Thomas Morrison,jsingleton@robles.org,2023-05-17,Isfahan
583,Natasha Webb,zburgess@griffin.com,2025-04-20,Qom
584,Lisa Clark,mallory87@gmail.com,2024-12-25,Shiraz
585,Jonathan Rogers,ljohnson@burnett.com,2026-04-03,Karaj
586,Richard Mccullough,larry86@richardson.info,2023-06-22,Tabriz
587,Rodney Bradford,bridget92@hotmail.com,2025-01-11,Karaj
588,Alexander Mccarty,zmeyer@allen.biz,2023-06-20,Tabriz
589,Mary Haas,chadarmstrong@rivera.com,2025-04-08,Tabriz
590,Madeline Koch,alexandria11@gmail.com,2025-09-30,Tehran
591,Jeanette Galvan,aimeecooper@davis-evans.com,2025-06-05,Shiraz
592,Donald Campbell,vjohnson@hotmail.com,2023-09-30,Mashhad
593,Sean Palmer,thomas53@shepard.com,2024-08-19,Shiraz
594,Sean Dixon,thomaspatricia@rodriguez-walker.org,2023-11-05,Ahvaz
595,Sarah Garcia,simonjeffrey@wright.net,2024-09-08,Qom
596,Brittany Christensen,erikapineda@hotmail.com,2023-10-04,Shiraz
597,Alejandro Marshall,sheenabennett@yahoo.com,2026-03-20,Qom
598,Ian Smith,melissawashington@hotmail.com,2024-05-11,Qom
599,Michael Randolph,joseph81@yahoo.com,2025-07-12,Qom
600,Courtney Holmes,amanda73@king.com,2025-01-28,Tehran
601,Debra Gutierrez,sjohnson@moon.com,2023-06-25,Mashhad
602,Brittany Young,laura88@hickman-suarez.com,2026-05-05,Tabriz
603,Kathleen Luna,smithamanda@yahoo.com,2024-10-06,Shiraz
604,Ruth Contreras,odillon@morgan.com,2023-06-18,Ahvaz
605,Cindy White,phillipsphillip@washington.com,2026-05-12,Shiraz
606,Rachel Woods,lmitchell@vaughan.com,2024-09-09,Tabriz
607,Jose Thompson,eduardo15@gmail.com,2024-04-10,Karaj
608,Bruce Johnson,michellewheeler@gmail.com,2024-11-01,Qom
609,John Case,ryoung@hartman.com,2023-12-09,Karaj
610,Christine Mason,nancy53@hotmail.com,2024-02-02,Ahvaz
611,James Johnston,amy09@williams.com,2024-05-10,Karaj
612,Monica Guzman,xlee@allen.com,2023-10-05,Karaj
613,David Moss,tiffanybenitez@nelson-garrison.com,2023-05-20,Qom
614,Michael Atkinson,pfletcher@yahoo.com,2026-01-30,Tabriz
615,Eric Roy,pblanchard@gmail.com,2024-11-16,Tabriz
616,Katie Smith,harrisoncindy@hotmail.com,2024-12-04,Tabriz
617,Amy Richardson,zrivera@smith-manning.info,2024-04-08,Shiraz
618,Heather Ortega,taylorbrianna@bailey.com,2023-11-15,Mashhad
619,Marcus White,blakedrew@campbell-lee.com,2024-01-01,Shiraz
620,Carmen Coleman,jamesbrown@yahoo.com,2023-10-21,Karaj
621,Matthew Taylor,jesus20@yahoo.com,2025-11-05,Mashhad
622,Dr. Mason Leblanc,bradleyhall@gmail.com,2023-11-29,Isfahan
623,Timothy Bullock,hramirez@morris.com,2024-01-03,Shiraz
624,Amy Davis,adam30@yahoo.com,2025-09-29,Shiraz
625,Tammy Hill,tburton@howell.com,2023-09-15,Qom
626,Ronald Miller,sarias@gmail.com,2024-11-05,Tabriz
627,Jeff Gonzales,ashleysalinas@hotmail.com,2025-04-11,Tabriz
628,Julie Robinson,amandareyes@yahoo.com,2026-01-24,Mashhad
629,Jared Hawkins,michael41@gmail.com,2025-05-25,Shiraz
630,David Sandoval,emilybaker@christensen-newman.com,2024-02-01,Tabriz
631,Jacob Brown,matthewjohnson@stone-hernandez.biz,2025-10-02,Shiraz
632,Kristen Porter,harveydonald@hull.com,2023-11-09,Karaj
633,Richard Evans,ishaw@gmail.com,2025-12-12,Isfahan
634,Perry Simon,mendezmichael@erickson.com,2023-07-15,Tabriz
635,Mr. Gregory Carter,matthewnash@gmail.com,2023-06-03,Tehran
636,Adam Gutierrez,courtney08@glover.com,2025-06-13,Isfahan
637,Vanessa Rogers,ybeasley@anderson.org,2023-08-23,Tabriz
638,Anthony Dawson,ghernandez@yahoo.com,2024-09-13,Tehran
639,Shawn Gonzalez,murrayjoe@sosa.org,2026-03-02,Tehran
640,Miranda Goodman,kingchristian@howell-rodriguez.com,2023-09-16,Tabriz
641,Erica Rodriguez,mbates@gmail.com,2025-10-30,Isfahan
642,Emily Gomez,joel69@miller.info,2023-08-15,Qom
643,Mark Ford,william15@luna.info,2026-02-02,Mashhad
644,Charles Kelly,michaelbutler@phillips-garrett.info,2025-03-21,Tehran
645,Brandon Carter,elizabeth30@gmail.com,2025-08-04,Tabriz
646,Dr. Rachael Webster,blevinsmaria@clark.info,2025-07-14,Qom
647,Kelly Jones,robertstyrone@francis.com,2025-06-08,Qom
648,Mr. Alan White,browncrystal@yahoo.com,2023-11-03,Qom
649,James Lynch,bholden@taylor.com,2023-07-14,Karaj
650,Megan Cantu,ihall@arnold.biz,2024-05-23,Isfahan
651,Brandon Fitzgerald,lhill@wade.biz,2024-09-28,Tehran
652,Latoya Barnett,jeffrey87@yahoo.com,2024-02-04,Tabriz
653,Jennifer Gutierrez,opatterson@collins-newton.com,2024-12-06,Qom
654,Sherry Johnson,mercerandrew@hotmail.com,2024-07-25,Mashhad
655,Robin Moore,bairdjo@bryant.com,2023-12-01,Mashhad
656,Jeffery Rodriguez,wattsbenjamin@hotmail.com,2023-10-29,Ahvaz
657,Patrick Smith,xmccoy@yahoo.com,2026-05-11,Qom
658,Victoria Rice,mark46@gmail.com,2024-10-28,Mashhad
659,Kevin Gordon,ukane@villarreal.com,2025-11-24,Tehran
660,James Simmons,robert31@gmail.com,2025-06-30,Isfahan
661,Samantha Luna,danamorris@bridges-davis.net,2024-12-05,Isfahan
662,Steven Johnson,alison63@blankenship-morris.com,2025-04-18,Tabriz
663,Chad Vasquez,stephen21@crawford-price.info,2026-03-01,Mashhad
664,Colton Brown,amymartin@ray-rodriguez.info,2023-11-07,Shiraz
665,Gwendolyn Chen,yfernandez@ferguson.org,2024-06-24,Mashhad
666,Shawn Hughes,davidking@bailey.com,2023-09-27,Ahvaz
667,Brian Mitchell,andreaknight@miller.net,2024-12-25,Shiraz
668,Antonio Reyes,zwilliams@hotmail.com,2024-10-25,Ahvaz
669,Michael Mcgrath,grayjennifer@gmail.com,2026-04-07,Qom
670,Anthony Wilson,wilsonwayne@yahoo.com,2024-07-06,Qom
671,Terry Kirk,bbray@hotmail.com,2026-02-24,Tabriz
672,Danny Stewart,pam93@ward.com,2025-01-25,Ahvaz
673,Debra Summers,dmathis@yahoo.com,2023-10-13,Tabriz
674,Felicia Mclaughlin,mcguirenicholas@hotmail.com,2025-07-07,Tehran
675,Christina Kim,tsingh@hotmail.com,2025-10-18,Mashhad
676,April Kane,pachecodominique@hotmail.com,2026-03-18,Shiraz
677,Teresa Perez,jonesduane@gmail.com,2023-06-27,Shiraz
678,David Walton,millerpaul@hotmail.com,2024-08-26,Tabriz
679,Jared Dyer,gillanna@yahoo.com,2023-10-11,Mashhad
680,Amy Knox,tfranco@perry.com,2025-09-30,Isfahan
681,Nicole Myers,jvelez@yahoo.com,2024-03-01,Shiraz
682,John Harrison,robyngeorge@blair-bryant.biz,2025-12-26,Isfahan
683,Lisa Conner,lgarcia@gmail.com,2025-05-01,Mashhad
684,Sabrina Griffin,kreeves@hotmail.com,2023-05-26,Isfahan
685,Zachary Serrano,jennifer54@cardenas-roy.com,2024-11-12,Tehran
686,Erin Little,christinahuber@hotmail.com,2026-03-28,Ahvaz
687,Ashley Christian,ecooper@wilkinson.com,2025-12-14,Qom
688,Julie Francis,dmercado@yahoo.com,2023-09-11,Qom
689,April Padilla,kelly58@gmail.com,2024-12-10,Tabriz
690,Melissa Davidson,coxteresa@clark.com,2025-08-22,Tehran
691,Randy Stanley,cjohnston@manning.biz,2026-03-02,Shiraz
692,Megan Fox,allen52@olson.net,2025-03-06,Tabriz
693,Darrell Green,ealexander@gmail.com,2024-01-04,Tabriz
694,Elizabeth Ramos,mlee@hendricks-pratt.com,2024-01-08,Qom
695,Monica Lopez,longmike@hotmail.com,2025-08-15,Mashhad
696,David Brewer,mccarthymichael@yahoo.com,2024-12-14,Shiraz
697,Jordan Ramos,nicholsbrett@juarez-olson.com,2026-01-11,Tabriz
698,Michael Sanders,javierglenn@reynolds.com,2024-11-22,Shiraz
699,Vincent Alexander,kevin59@smith.com,2023-12-04,Ahvaz
700,Richard Gilmore,martinrobin@yahoo.com,2023-10-12,Mashhad
701,Nicholas Williams,brian44@hotmail.com,2023-08-18,Shiraz
702,Joseph Houston,btaylor@gmail.com,2025-04-03,Isfahan
703,Megan Wells,millerwilliam@gomez-powell.net,2025-12-18,Tabriz
704,Christine Gutierrez,tiffanysmith@yahoo.com,2023-07-29,Isfahan
705,William Williams,wendylawson@hotmail.com,2025-11-25,Mashhad
706,Andrew Gordon,breanna97@hotmail.com,2023-09-02,Tehran
707,Kelsey Rodriguez,jmartin@hotmail.com,2025-05-30,Isfahan
708,Stephen Nash,christineburke@hotmail.com,2025-12-09,Tabriz
709,Dale Williams,melinda23@gmail.com,2024-11-27,Tabriz
710,Karen Peterson,bmyers@fleming-ramirez.org,2025-09-30,Qom
711,Brandy Glover,tmcclure@yahoo.com,2023-10-10,Mashhad
712,Charles Lopez,jvaughn@fernandez-johnson.net,2023-10-02,Qom
713,Frank Montgomery,reyesmartin@gmail.com,2026-05-14,Tabriz
714,Kevin Watson,zlewis@johnson-morrison.com,2024-12-06,Ahvaz
715,Edward Larson,skennedy@hotmail.com,2023-06-21,Tabriz
716,James Johnson,heather96@gmail.com,2024-07-10,Qom
717,Nicholas Sweeney,qhale@kramer-peterson.com,2023-05-31,Qom
718,Mike Mooney,christophermorton@hotmail.com,2026-03-15,Mashhad
719,Nicholas Fletcher,bianca33@gmail.com,2024-01-01,Tehran
720,Jasmin Robinson,cameron32@yahoo.com,2023-09-07,Ahvaz
721,Lindsey Walsh,clarkamy@gmail.com,2024-09-02,Karaj
722,Craig Hudson,mbooth@whitaker.com,2024-06-04,Tabriz
723,Ms. Kristin Fox,dunngrace@cook.org,2026-02-02,Tehran
724,James Thomas,uhill@gmail.com,2025-02-27,Mashhad
725,Paul Woods,hunter20@hendrix.biz,2026-05-11,Shiraz
726,Dr. Elizabeth Williams,dcrosby@hotmail.com,2023-12-19,Tehran
727,David Logan,walter18@hotmail.com,2023-08-11,Tabriz
728,Christine Smith DVM,qmontoya@acosta.biz,2026-03-21,Tehran
729,Kimberly Pope,csimpson@yahoo.com,2023-12-05,Isfahan
730,Kirsten Rivera,martinthomas@smith-harrison.com,2024-07-05,Qom
731,William Holmes,jacquelinecook@hotmail.com,2023-05-22,Qom
732,Walter Wilcox,fgarcia@harris-hall.com,2026-03-11,Tabriz
733,Brandi Henderson,jenniferterry@hotmail.com,2025-01-18,Isfahan
734,Brian Smith,vkennedy@young-peters.com,2026-05-09,Ahvaz
735,Allen Bullock,paul73@gmail.com,2023-11-14,Qom
736,Cody Ramsey,timothypatterson@reyes.com,2025-08-28,Mashhad
737,Sarah Miller,rfoster@collier-hubbard.org,2024-06-17,Qom
738,Gary Medina,coltonjones@gmail.com,2024-12-27,Karaj
739,Natalie Nguyen,rgardner@hotmail.com,2025-12-16,Ahvaz
740,Anthony Murphy,andrea63@smith-roach.com,2024-08-15,Karaj
741,Renee Hays,fwagner@chaney.com,2025-10-01,Karaj
742,Michael Walker,browncharlotte@decker-jordan.com,2023-12-29,Mashhad
743,Julie Schmidt,sandra47@yahoo.com,2023-12-11,Isfahan
744,Raymond Fernandez,vcampos@hotmail.com,2023-11-17,Karaj
745,Kristen Boyer,molinaryan@jackson.com,2024-09-03,Ahvaz
746,Jasmine Blackburn,russelljennifer@yahoo.com,2025-12-28,Qom
747,Paul Brown,ana91@hotmail.com,2025-05-24,Tabriz
748,Daniel Morgan,ffox@patel.biz,2025-07-04,Ahvaz
749,Annette George,marissacabrera@morgan-green.com,2024-01-03,Tehran
750,Ricky Morton,christymorrison@gmail.com,2025-02-25,Qom
751,Julie Nguyen,austinbarrett@jensen-collins.com,2025-04-25,Mashhad
752,Amber Howell,dominguezconnie@yahoo.com,2025-04-27,Karaj
753,Jillian Ware,juliamendoza@west-jimenez.org,2026-04-01,Tabriz
754,Mr. Joshua Day,donaldwalton@hotmail.com,2025-01-22,Karaj
755,William Harris,james43@wright.com,2024-04-14,Mashhad
756,Kevin Bruce,antonio56@yahoo.com,2024-08-22,Ahvaz
757,Christopher Long,gerald21@hall-smith.com,2024-06-10,Tehran
758,Regina Cooper,nathaniel32@hotmail.com,2024-12-07,Qom
759,Gary Ochoa,thomasjennifer@yahoo.com,2025-05-16,Ahvaz
760,Kaitlyn Paul,cblair@hotmail.com,2026-04-12,Tehran
761,John Terrell,hannah86@roberts.org,2023-10-31,Shiraz
762,Mr. Jesse Perez,richard91@gmail.com,2026-03-13,Karaj
763,Russell Webb,swillis@brown.com,2026-03-19,Qom
764,Evan Hamilton,coxronald@gmail.com,2024-05-01,Qom
765,Nicole Calhoun,atkinsjohn@hotmail.com,2025-09-26,Tehran
766,Ruth Frye,reynoldsmargaret@hotmail.com,2024-06-18,Shiraz
767,Lindsey Saunders,tammysandoval@gmail.com,2024-02-10,Tabriz
768,Christopher Jones,mmoody@west.com,2025-04-01,Isfahan
769,David Sandoval,kylemills@wells.info,2025-08-04,Tabriz
770,Susan Perez,pharmon@hall.biz,2024-01-25,Qom
771,Rebecca Elliott,mossmelissa@yahoo.com,2024-09-08,Qom
772,Jason Cline,margaret05@cherry-hahn.com,2025-02-18,Mashhad
773,Seth Harris,jennifer11@gardner-allen.org,2023-09-01,Tehran
774,Sheryl Stein,deborah61@yahoo.com,2025-10-22,Shiraz
775,Mario Lopez,qwells@white.com,2026-05-01,Isfahan
776,Scott Cobb,nicholasmurphy@hotmail.com,2026-01-19,Tabriz
777,Rita Meza,nhopkins@smith.com,2023-08-13,Tehran
778,Amanda Williams,sheilabates@gmail.com,2024-09-28,Ahvaz
779,Jose Martin,misty26@gardner.com,2024-07-04,Mashhad
780,Shannon White,ntaylor@zhang.com,2025-04-04,Shiraz
781,Julian Rowe,carolineryan@perez-cohen.biz,2025-03-23,Mashhad
782,Darius Velasquez,robertmunoz@yahoo.com,2025-05-24,Qom
783,Robert Barron,courtney90@lambert-fry.net,2024-04-02,Mashhad
784,Elizabeth Harris,udennis@hotmail.com,2025-04-21,Isfahan
785,Sheila Turner,ssmith@sanchez-harris.org,2024-02-14,Qom
786,Marvin Franklin,collinsdeborah@gmail.com,2024-08-02,Tabriz
787,Sarah Fields,vmartin@gmail.com,2023-10-26,Tabriz
788,Yesenia Hall,qelliott@hotmail.com,2026-03-27,Ahvaz
789,Jeffery Holmes,elowe@hotmail.com,2025-05-03,Qom
790,Janet Mahoney,mcdonalddavid@kelley-poole.com,2023-07-14,Qom
791,Edward Richard,kyle97@gmail.com,2025-04-01,Shiraz
792,Amber Davis,teresapeterson@thompson-sandoval.com,2025-06-02,Qom
793,Brian Mosley,brittany81@jackson-roberts.biz,2025-01-16,Isfahan
794,Jose Anderson,usanchez@wallace-hall.com,2026-05-12,Ahvaz
795,Donna Gilbert,carrieherrera@marks-phillips.net,2024-09-17,Shiraz
796,Christopher Thomas,jacob79@jensen.com,2026-01-29,Isfahan
797,Kathryn Rodgers,mdean@thomas.com,2025-08-08,Mashhad
798,Gabrielle Curry,michael09@wright.com,2026-03-06,Tabriz
799,Robert Gill,dunnrobert@hotmail.com,2024-05-22,Ahvaz
800,Michelle Gomez,ytaylor@moore-cox.net,2024-11-21,Karaj
801,Kelly Horton,iferguson@smith.com,2025-07-21,Tabriz
802,Brian Price,miapreston@bailey.net,2024-09-16,Tehran
803,Denise Kelly,millertonya@simpson-ray.net,2024-11-06,Tabriz
804,Rebecca Miller,douglasamanda@hotmail.com,2023-11-28,Tabriz
805,Mr. Matthew Ward,powellvirginia@hotmail.com,2025-04-27,Qom
806,Rhonda Li,waynebaker@harding.org,2025-10-21,Isfahan
807,John Houston,mariegarrison@gmail.com,2025-06-21,Qom
808,Marcus Spencer,katherinehale@hotmail.com,2024-03-17,Qom
809,James Chambers,fbooth@yahoo.com,2025-09-22,Karaj
810,John Wilson,tsmith@hall.com,2025-06-26,Karaj
811,Casey Nixon,andersoncraig@hotmail.com,2026-01-18,Ahvaz
812,Stephanie Cook,melissa33@jackson.com,2023-05-23,Qom
813,John Harper,cassandra91@yahoo.com,2025-05-25,Karaj
814,Ashley Lawrence,portiz@wilson.com,2024-07-11,Shiraz
815,Austin Good,alewis@torres.com,2024-06-11,Shiraz
816,Jay Cunningham,psmith@terry-peters.net,2023-09-27,Ahvaz
817,Edward Simpson,jacksonalan@gmail.com,2023-08-24,Shiraz
818,Steven Horton,alexanderhowe@kaufman-reeves.com,2024-05-24,Ahvaz
819,Nathan Henry,michael03@king.com,2025-03-22,Tehran
820,Jamie Singh,taylor57@singh.com,2025-10-21,Karaj
821,Carrie Crawford,frank85@walker-shelton.com,2026-01-07,Qom
822,Sonia Moreno,weberjon@williams-hardin.com,2023-12-19,Ahvaz
823,Katrina Ward,olsonlinda@gmail.com,2025-03-26,Ahvaz
824,Joshua Shields,johnsonwilliam@hotmail.com,2025-11-21,Isfahan
825,Kelly Robinson,hubbardlinda@hotmail.com,2024-08-12,Qom
826,Brandi Butler,davidgonzales@park.com,2026-03-24,Tehran
827,Janet Thomas,davisgregory@williams-porter.com,2024-08-25,Isfahan
828,Christina Skinner,morganbrenda@hotmail.com,2025-01-02,Karaj
829,Christopher Bishop,williamfletcher@jones-griffin.com,2024-01-06,Mashhad
830,Calvin Hess,nicholasellis@yahoo.com,2024-10-08,Qom
831,Brittany Andrade,jacqueline43@yahoo.com,2024-10-25,Mashhad
832,Dr. Carlos Conrad,zacharyproctor@rhodes.com,2023-06-26,Qom
833,Dustin Jones,cynthia42@long.net,2025-01-19,Tehran
834,Jerry Chavez,codyferguson@yahoo.com,2024-04-04,Isfahan
835,George Fritz,adawson@gmail.com,2025-11-05,Ahvaz
836,Maxwell Suarez,ericparker@brown-bell.com,2024-11-22,Isfahan
837,David Wilson,uorr@long.com,2023-10-27,Mashhad
838,Katherine Roach,gary11@white-white.org,2025-06-13,Qom
839,John Oconnor,xblackwell@hoover-george.com,2024-03-17,Tabriz
840,Jennifer Walker,savagetodd@gmail.com,2024-01-21,Karaj
841,Amanda Stafford,trujilloregina@yahoo.com,2025-10-18,Ahvaz
842,Nicole Preston,orodriguez@aguirre.info,2024-02-05,Mashhad
843,Elizabeth Howard,xhawkins@gmail.com,2025-02-19,Karaj
844,Evelyn Bauer,fhawkins@hotmail.com,2026-02-23,Ahvaz
845,Melissa Cox,mmitchell@gmail.com,2024-02-21,Karaj
846,Keith Hines,stephensonharold@banks.com,2025-08-03,Qom
847,Jordan Hart,fmassey@gmail.com,2025-01-10,Tehran
848,Julia Wiley,sallyreed@smith-kelly.com,2023-07-07,Mashhad
849,Angela Sims,pattersonkendra@hotmail.com,2025-09-03,Shiraz
850,Stephen Fischer MD,vickie60@casey.com,2026-02-13,Tabriz
851,Jason Green,michael59@anderson-christian.com,2024-06-21,Shiraz
852,Nathan Lawrence,robertwolfe@yahoo.com,2024-02-14,Mashhad
853,Alicia Wolfe,kellyphillips@thomas.net,2026-04-17,Ahvaz
854,Charles Hudson,esims@simmons-barnett.com,2025-09-24,Mashhad
855,Jacob Foster,bethgomez@hotmail.com,2024-03-07,Mashhad
856,Jeremy Castillo,lmckinney@hotmail.com,2024-10-12,Qom
857,Jeffrey Lucas,john88@gmail.com,2023-10-14,Isfahan
858,Danielle Jackson,donaldgreen@parks.com,2025-08-15,Tabriz
859,Mark Brown,dennismclean@rowe-williams.com,2023-07-21,Tehran
860,Cory Williams,cmartinez@gmail.com,2026-04-03,Tehran
861,Stacy Sampson,brittanyhood@yahoo.com,2025-09-23,Karaj
862,Christina Sims,jaredcamacho@pierce.info,2025-09-25,Tehran
863,Christopher Horton,dcase@gmail.com,2026-04-26,Tabriz
864,Christopher Hall,ythomas@yahoo.com,2024-09-06,Karaj
865,Jack Miller,thomas93@gmail.com,2024-06-22,Karaj
866,Nicole White,carrollrichard@yahoo.com,2025-08-28,Ahvaz
867,Carol Allen,bethany57@yahoo.com,2025-07-18,Isfahan
868,Robert Rose,danielball@jensen.com,2025-07-05,Shiraz
869,Andrea Kirk,rhondafoster@ramos-daniels.com,2025-10-20,Ahvaz
870,Caroline Cunningham,bwarner@thomas.com,2025-02-11,Isfahan
871,Jeffrey Ortiz,jlopez@hotmail.com,2025-10-28,Isfahan
872,Heidi Stone,maryschmidt@riley.com,2024-07-30,Isfahan
873,Nathaniel Kerr,gonzalezashley@skinner-crawford.com,2023-08-13,Mashhad
874,Ashley Robinson,jmartin@kelly.com,2024-03-26,Ahvaz
875,Mrs. Samantha West,stephaniereed@watts.org,2023-05-23,Shiraz
876,Mrs. Sarah Lester,lbell@schmidt.com,2024-12-05,Qom
877,Lauren Daniels,philip90@yahoo.com,2024-09-21,Isfahan
878,Emma Gardner,ozimmerman@harrison.info,2025-01-18,Shiraz
879,Adam Smith,ericksonkaitlyn@yahoo.com,2025-03-24,Qom
880,Robert Moore,hendrickserica@farrell-rocha.info,2023-08-07,Tabriz
881,Jeffrey Black,andrewstevenson@stout.com,2025-04-07,Qom
882,Jessica Martinez,kbarr@hotmail.com,2024-10-12,Tabriz
883,Melody Craig,turnersarah@gmail.com,2025-03-11,Tehran
884,Dustin Davis,gilbertwanda@hotmail.com,2024-06-25,Qom
885,Calvin Pitts,gregory96@jackson.net,2024-07-13,Tabriz
886,Julie Jones,edwardlevine@koch-collins.org,2026-03-08,Isfahan
887,Gregory Juarez,dharrison@gmail.com,2025-07-20,Mashhad
888,Kimberly Lee,jensenscott@waters.org,2025-07-22,Qom
889,Stacy Vance,yritter@yahoo.com,2026-01-05,Karaj
890,Joseph James,nrodriguez@yahoo.com,2026-02-11,Tabriz
891,Joshua Wagner,rodriguezkimberly@yahoo.com,2025-05-07,Ahvaz
892,Christina Taylor,paguilar@montoya-sullivan.biz,2026-03-11,Tabriz
893,Claudia Harris,teresaschaefer@miller.net,2026-05-06,Qom
894,Mrs. Lisa Gonzalez,uthomas@johnson-brown.com,2026-04-10,Tabriz
895,Evan Khan,rayallison@townsend.com,2024-01-14,Shiraz
896,Mary Mitchell,efoster@hotmail.com,2025-10-06,Ahvaz
897,Stephen Crane,andreadorsey@watson.com,2024-11-13,Qom
898,Robert Lewis,velasquezpaul@gmail.com,2024-09-17,Mashhad
899,Teresa Arroyo,baileymichele@yahoo.com,2025-12-09,Shiraz
900,Jasmine Davis,lopezandre@gmail.com,2026-03-03,Ahvaz
901,Thomas Young,seanwilliams@brown-hughes.biz,2024-05-08,Karaj
902,Matthew Morris,kimberlyjohnson@hotmail.com,2025-04-30,Tabriz
903,Susan Carroll,danielle09@hotmail.com,2024-09-26,Tabriz
904,Rebecca Harmon,robinsoncindy@odom-obrien.info,2023-07-20,Tehran
905,Crystal Grant DDS,mathewroberts@hogan.com,2024-02-04,Ahvaz
906,Leonard Wilson,jcallahan@neal.com,2023-06-05,Tabriz
907,Wendy Hill,ocain@hotmail.com,2024-09-05,Tehran
908,Kevin Spencer,alexanderchang@gmail.com,2025-08-02,Tehran
909,Kimberly Booth,wsanders@wallace.info,2025-02-27,Qom
910,Christopher Holder,ymckenzie@yahoo.com,2024-12-17,Tabriz
911,Anthony Gomez,dawn31@gmail.com,2024-12-04,Shiraz
912,Hannah Morgan,tracybrown@day.net,2024-04-06,Karaj
913,Jerry Hill,caitlyn88@graham-wilson.info,2025-02-13,Shiraz
914,Frederick Cook,michael49@yahoo.com,2024-03-26,Shiraz
915,Gregory Porter,owilson@bailey.com,2024-04-12,Tabriz
916,Mr. John Davis,brownjonathan@lawson.info,2023-07-08,Isfahan
917,Autumn Nelson,zclark@martin.com,2026-05-05,Mashhad
918,Monique Smith,scottbenjamin@reyes.net,2025-03-02,Tehran
919,Mitchell Johnson,robbinswhitney@garcia.net,2025-05-16,Tabriz
920,Pamela Holmes,ronald14@yahoo.com,2024-06-10,Qom
921,Jose Wells,morrisonlisa@carter.com,2023-11-06,Tehran
922,Marvin Taylor,kyle33@figueroa-carey.com,2026-01-30,Karaj
923,Kristen Skinner,qlivingston@hotmail.com,2024-05-09,Isfahan
924,Sergio Flores,gbenson@foster-hall.com,2024-11-26,Mashhad
925,Michelle Palmer,ibrown@norris.info,2024-01-03,Tabriz
926,Christina Garrett,melissa47@yahoo.com,2025-10-19,Karaj
927,Jennifer Allen,crivera@yahoo.com,2023-06-24,Ahvaz
928,Mark Cervantes,schmidtmelissa@simmons.com,2024-06-29,Isfahan
929,Taylor Jensen,ariana63@gmail.com,2025-05-18,Shiraz
930,Michael Jimenez,lwebb@mendoza.com,2026-01-25,Isfahan
931,Kimberly Harmon,sblankenship@yahoo.com,2023-06-30,Karaj
932,Tina Becker,robertkelley@wright.com,2024-07-08,Tabriz
933,Joshua Dawson,robert41@rivera-bishop.org,2025-05-20,Isfahan
934,Sean Potts,youngdaniel@yahoo.com,2025-08-01,Tabriz
935,Allison Dorsey,dawn59@hawkins.net,2024-06-28,Qom
936,Christopher Gordon,brownjanice@crawford-mitchell.info,2023-05-31,Tabriz
937,Christy Sanchez,juliabrown@crawford.com,2026-01-08,Karaj
938,Walter King,greenjason@yahoo.com,2025-06-29,Mashhad
939,Dr. Adam Robles,heather21@yahoo.com,2025-04-30,Qom
940,Joseph Gordon,ulowe@gmail.com,2024-04-11,Mashhad
941,John Richardson,devinbridges@hotmail.com,2025-08-02,Isfahan
942,Christopher White,morenojames@anderson.biz,2024-04-16,Shiraz
943,Lauren Contreras,michael62@weber-jones.com,2024-02-14,Ahvaz
944,Linda Alvarez,danielcox@yahoo.com,2025-03-12,Karaj
945,Lance Cowan,cynthiashort@williams-brennan.org,2026-03-25,Mashhad
946,Billy Jackson,henry46@diaz-price.net,2023-09-08,Ahvaz
947,Vanessa Callahan,ramosjustin@yahoo.com,2025-09-02,Tehran
948,John Smith,vcastillo@fox.com,2023-07-31,Tabriz
949,Aimee Miller,evanscatherine@thomas-huang.com,2025-09-10,Mashhad
950,Abigail Gutierrez,jessica72@griffin.net,2023-11-06,Qom
951,Elizabeth Gutierrez,anna27@yahoo.com,2026-02-10,Karaj
952,Michael Johnson,joseph39@thompson.org,2024-08-02,Tabriz
953,Jeffrey Cole,deborahleblanc@nguyen-hartman.com,2025-03-01,Ahvaz
954,Ashley Daniel,hannahpadilla@yahoo.com,2024-06-08,Karaj
955,Brian Reyes,christianmyers@yahoo.com,2024-09-05,Mashhad
956,Jimmy Moore,james32@yahoo.com,2025-12-23,Shiraz
957,Michael Lynn,ffletcher@gmail.com,2026-03-11,Qom
958,Daniel Hancock,lauren04@martin.com,2024-08-27,Tehran
959,Angela Fox,christinapeters@johnson.net,2025-04-07,Karaj
960,Timothy Orozco,allenfrances@yahoo.com,2025-07-02,Shiraz
961,Stephen Arias,russelljerry@gomez.net,2024-08-21,Mashhad
962,Rachel Grant,patrick72@gmail.com,2025-10-20,Qom
963,John Koch,deborah15@jefferson-ayala.com,2025-01-08,Tabriz
964,Dana Young,kimbobby@griffin.com,2024-09-02,Ahvaz
965,Jill Davis,tmathis@yahoo.com,2026-01-13,Mashhad
966,Kelly Lopez,lewisjoshua@yahoo.com,2024-10-12,Isfahan
967,Craig Miller,maddenharold@gmail.com,2025-10-06,Tehran
968,Ronald Rose,ocervantes@riddle-douglas.com,2025-03-09,Tehran
969,Janice Clark,gbowen@yahoo.com,2024-10-07,Tabriz
970,Anthony Russo,hopkinstimothy@lewis.com,2024-03-28,Qom
971,William Stevenson,donaldalexander@gmail.com,2024-06-13,Mashhad
972,Lynn Wagner,moyerandrew@robinson.org,2025-07-04,Mashhad
973,Michele Bell,jessica87@yahoo.com,2024-09-28,Shiraz
974,Tonya Sanchez,ymalone@hill.com,2024-10-19,Isfahan
975,Cody Mitchell,ulynch@gmail.com,2024-01-24,Ahvaz
976,Jeremy Neal,robertchavez@gmail.com,2025-02-28,Qom
977,Keith Williams,jallen@garcia-morgan.com,2025-09-15,Karaj
978,Joanna Wood,pacekim@reid.com,2024-12-03,Ahvaz
979,Andrew Lozano,cphillips@chapman.org,2025-10-10,Isfahan
980,Cynthia Leach,adam05@gmail.com,2025-03-22,Ahvaz
981,Ernest Smith,victoria14@hotmail.com,2023-08-10,Mashhad
982,Jennifer Romero,qmoran@miller-morgan.info,2024-09-06,Qom
983,Barbara Chan,schmidtjessica@dawson-brown.com,2024-03-31,Ahvaz
984,Sharon Dominguez,becky63@yahoo.com,2024-12-20,Tabriz
985,Ashley Quinn,qadams@gordon.info,2026-03-25,Tehran
986,Virginia Kaufman DDS,collinsstephen@gmail.com,2025-12-04,Karaj
987,Cassandra Hall,erinmartinez@garcia.org,2023-10-27,Shiraz
988,David Payne,duartebrett@perkins-adams.net,2024-04-28,Qom
989,Ricardo Carpenter,mlewis@rodriguez.com,2025-03-03,Qom
990,Kylie Hebert,patrickcaleb@smith-green.info,2024-01-05,Shiraz
991,Eileen Doyle,qmiller@hotmail.com,2024-12-06,Karaj
992,Claudia Carpenter,mckenziedeborah@zamora.com,2026-02-13,Mashhad
993,Jessica James,tinamccann@patterson.com,2025-12-31,Karaj
994,Christopher Harrison,goodchristopher@hotmail.com,2024-07-06,Karaj
995,John Haney,rebecca98@brown.com,2026-02-20,Tehran
996,Megan Lopez,wrightthomas@yahoo.com,2025-02-16,Ahvaz
997,Meredith Johnson,carriepage@burns.com,2023-09-07,Tabriz
998,Jennifer Gomez,julia21@griffin.com,2023-12-16,Shiraz
999,Meghan Torres,owilliams@kerr.info,2025-05-28,Mashhad
1000,Henry Ray,danieltracy@hotmail.com,2024-12-27,Qom
